[
  {
    "model": "sessions.session",
    "pk": "hl4lkabwr3ypt4k7f6xbk8qaogoa4sma",
    "fields": {
      "session_data": "Mjg0NjM1YThiNzcwNDg1MDc1N2MxNjI1MDNmY2I0N2Q3NjhmYmYzNjp7Im5leHQiOiIvIiwidmstb2F1dGgyX3N0YXRlIjoibEJtRDBYZUJwWDQwR3hIaUhxTnAyUEdoM0N1VWJEbHAifQ==",
      "expire_date": "2021-03-31T21:20:59.461Z"
    }
  },
  {
    "model": "sessions.session",
    "pk": "oelpkh7cb0dg0x3vv7dyx6d0t29s7sb9",
    "fields": {
      "session_data": "ZDQ0NzQ2MGVkMWViMzE2MTRlYTMyNjBjMzFlOTYxYjg2MGI1YWNkYTp7Il9hdXRoX3VzZXJfaWQiOiIxIiwiX2F1dGhfdXNlcl9iYWNrZW5kIjoiZGphbmdvLmNvbnRyaWIuYXV0aC5iYWNrZW5kcy5Nb2RlbEJhY2tlbmQiLCJfYXV0aF91c2VyX2hhc2giOiJmMzQ1YzQzYTljMmZlYjNkYzc4NGQzNTQ3MDI2M2YwOTM4ZjdmMTExIn0=",
      "expire_date": "2021-04-24T16:50:16.252Z"
    }
  },
  {
    "model": "sessions.session",
    "pk": "tzjo4nl7glgrdfr3c3d01tlfc5eqspay",
    "fields": {
      "session_data": "ZDQ0NzQ2MGVkMWViMzE2MTRlYTMyNjBjMzFlOTYxYjg2MGI1YWNkYTp7Il9hdXRoX3VzZXJfaWQiOiIxIiwiX2F1dGhfdXNlcl9iYWNrZW5kIjoiZGphbmdvLmNvbnRyaWIuYXV0aC5iYWNrZW5kcy5Nb2RlbEJhY2tlbmQiLCJfYXV0aF91c2VyX2hhc2giOiJmMzQ1YzQzYTljMmZlYjNkYzc4NGQzNTQ3MDI2M2YwOTM4ZjdmMTExIn0=",
      "expire_date": "2021-02-27T16:46:35.847Z"
    }
  },
  {
    "model": "sessions.session",
    "pk": "zfrdb9rf8rhfc4g7zz1y3d72ojradn7v",
    "fields": {
      "session_data": "OWJlZGExMjFhNGM0YTRmMGUzY2VkZmE0OWViMmU2Y2IwNDdhM2I3Zjp7Im5leHQiOiIvIiwidmstb2F1dGgyX3N0YXRlIjoieXZPNzJodDljcGVkYmdEaXhnSUR6WTh4amZicXQ2cFUiLCJfYXV0aF91c2VyX2lkIjoiMjMiLCJfYXV0aF91c2VyX2JhY2tlbmQiOiJzb2NpYWxfY29yZS5iYWNrZW5kcy52ay5WS09BdXRoMiIsIl9hdXRoX3VzZXJfaGFzaCI6ImU2OWQwOWYyOWE0NDEwM2EwZWViYThhZWYyMGU4OWE5NDAyYTI3NjUiLCJzb2NpYWxfYXV0aF9sYXN0X2xvZ2luX2JhY2tlbmQiOiJ2ay1vYXV0aDIifQ==",
      "expire_date": "2021-03-30T21:01:50.464Z"
    }
  },
  {
    "model": "mainapp.productcategory",
    "pk": 1,
    "fields": {
      "name": "\u041d\u043e\u0432\u0438\u043d\u043a\u0438",
      "description": ""
    }
  },
  {
    "model": "mainapp.productcategory",
    "pk": 2,
    "fields": {
      "name": "\u041e\u0434\u0435\u0436\u0434\u0430",
      "description": ""
    }
  },
  {
    "model": "mainapp.productcategory",
    "pk": 3,
    "fields": {
      "name": "\u041e\u0431\u0443\u0432\u044c",
      "description": ""
    }
  },
  {
    "model": "mainapp.productcategory",
    "pk": 4,
    "fields": {
      "name": "\u0410\u043a\u0441\u0435\u0441\u0441\u0443\u0430\u0440\u044b",
      "description": ""
    }
  },
  {
    "model": "mainapp.productcategory",
    "pk": 5,
    "fields": {
      "name": "\u041f\u043e\u0434\u0430\u0440\u043a\u0438",
      "description": ""
    }
  },
  {
    "model": "mainapp.product",
    "pk": 1,
    "fields": {
      "name": "\u0425\u0443\u0434\u0438 \u0447\u0435\u0440\u043d\u043e\u0433\u043e \u0446\u0432\u0435\u0442\u0430 \u0441 \u043c\u043e\u043d\u043e\u0433\u0440\u0430\u043c\u043c\u0430\u043c\u0438 adidas Originals",
      "image": "products_images/Adidas-hoodie.png",
      "description": "",
      "short_description": "\u041c\u044f\u0433\u043a\u0430\u044f \u0442\u043a\u0430\u043d\u044c \u0434\u043b\u044f \u0441\u0432\u0438\u0442\u0448\u043e\u0442\u043e\u0432. \u0421\u0442\u0438\u043b\u044c \u0438 \u043a\u043e\u043c\u0444\u043e\u0440\u0442 \u2013 \u044d\u0442\u043e \u043e\u0431\u0440\u0430\u0437 \u0436\u0438\u0437\u043d\u0438.",
      "price": "6090.00",
      "quantity": 8,
      "category": 1
    }
  },
  {
    "model": "mainapp.product",
    "pk": 2,
    "fields": {
      "name": "\u0421\u0438\u043d\u044f\u044f \u043a\u0443\u0440\u0442\u043a\u0430 The North Face",
      "image": "products_images/Blue-jacket-The-North-Face.png",
      "description": "",
      "short_description": "\u0413\u043b\u0430\u0434\u043a\u0430\u044f \u0442\u043a\u0430\u043d\u044c. \u0412\u043e\u0434\u043e\u043d\u0435\u043f\u0440\u043e\u043d\u0438\u0446\u0430\u0435\u043c\u043e\u0435 \u043f\u043e\u043a\u0440\u044b\u0442\u0438\u0435. \u041b\u0435\u0433\u043a\u0438\u0439 \u0438 \u0442\u0435\u043f\u043b\u044b\u0439 \u043f\u0443\u0445\u043e\u0432",
      "price": "23725.00",
      "quantity": 2,
      "category": 2
    }
  },
  {
    "model": "mainapp.product",
    "pk": 3,
    "fields": {
      "name": "\u041a\u043e\u0440\u0438\u0447\u043d\u0435\u0432\u044b\u0439 \u0441\u043f\u043e\u0440\u0442\u0438\u0432\u043d\u044b\u0439 oversized-\u0442\u043e\u043f ASOS DESIGN",
      "image": "products_images/Brown-sports-oversized-top-ASOS-DESIGN.png",
      "description": "",
      "short_description": "\u041c\u0430\u0442\u0435\u0440\u0438\u0430\u043b \u0441 \u043f\u043b\u044e\u0448\u0435\u0432\u043e\u0439 \u0442\u0435\u043a\u0441\u0442\u0443\u0440\u043e\u0439. \u0423\u0434\u043e\u0431\u043d\u044b\u0439 \u0438 \u043c\u044f\u0433\u043a\u0438\u0439.",
      "price": "3390.00",
      "quantity": 17,
      "category": 2
    }
  },
  {
    "model": "mainapp.product",
    "pk": 4,
    "fields": {
      "name": "\u0427\u0435\u0440\u043d\u044b\u0439 \u0440\u044e\u043a\u0437\u0430\u043a Nike Heritage",
      "image": "products_images/Black-Nike-Heritage-backpack.png",
      "description": "",
      "short_description": "\u041f\u043b\u043e\u0442\u043d\u0430\u044f \u0442\u043a\u0430\u043d\u044c. \u041b\u0435\u0433\u043a\u0438\u0439 \u043c\u0430\u0442\u0435\u0440\u0438\u0430\u043b.",
      "price": "2340.00",
      "quantity": 1,
      "category": 4
    }
  },
  {
    "model": "mainapp.product",
    "pk": 5,
    "fields": {
      "name": "\u0427\u0435\u0440\u043d\u044b\u0435 \u0442\u0443\u0444\u043b\u0438 \u043d\u0430 \u043f\u043b\u0430\u0442\u0444\u043e\u0440\u043c\u0435 \u0441 3 \u043f\u0430\u0440\u0430\u043c\u0438 \u043b\u044e\u0432\u0435\u0440\u0441\u043e\u0432 Dr Martens 1461 Bex",
      "image": "products_images/Black-Dr-Martens-shoes.png",
      "description": "",
      "short_description": "\u0413\u043b\u0430\u0434\u043a\u0438\u0439 \u043a\u043e\u0436\u0430\u043d\u044b\u0439 \u0432\u0435\u0440\u0445. \u041d\u0430\u0442\u0443\u0440\u0430\u043b\u044c\u043d\u044b\u0439 \u043c\u0430\u0442\u0435\u0440\u0438\u0430\u043b.",
      "price": "13590.00",
      "quantity": 14,
      "category": 3
    }
  },
  {
    "model": "mainapp.product",
    "pk": 6,
    "fields": {
      "name": "\u0422\u0435\u043c\u043d\u043e-\u0441\u0438\u043d\u0438\u0435 \u0448\u0438\u0440\u043e\u043a\u0438\u0435 \u0441\u0442\u0440\u043e\u0433\u0438\u0435 \u0431\u0440\u044e\u043a\u0438 ASOS DESIGN",
      "image": "products_images/Dark-blue-wide-leg-ASOs-DESIGN-trousers.png",
      "description": "",
      "short_description": "\u041b\u0435\u0433\u043a\u0430\u044f \u044d\u043b\u0430\u0441\u0442\u0438\u0447\u043d\u0430\u044f \u0442\u043a\u0430\u043d\u044c \u0441\u0438\u0440\u0441\u0430\u043a\u0435\u0440 \u0424\u0430\u043a\u0442\u0443\u0440\u043d\u0430\u044f \u0442\u043a\u0430\u043d\u044c.",
      "price": "2890.00",
      "quantity": 94,
      "category": 2
    }
  },
  {
    "model": "authapp.user",
    "pk": 1,
    "fields": {
      "password": "pbkdf2_sha256$150000$JWwhdjt0Hbvx$Z52KSE7Nauo4xeWgKh1peR93q6MBvF7JfeAZCA7PNfM=",
      "last_login": "2021-04-10T16:50:15.965Z",
      "is_superuser": true,
      "username": "django",
      "first_name": "",
      "last_name": "",
      "email": "",
      "is_staff": true,
      "is_active": true,
      "date_joined": "2021-01-31T20:12:32.075Z",
      "avatar": "",
      "age": null,
      "activation_key": null,
      "activation_key_expires": "2021-03-16T10:29:48.271Z",
      "groups": [],
      "user_permissions": []
    }
  },
  {
    "model": "authapp.user",
    "pk": 2,
    "fields": {
      "password": "12345678",
      "last_login": null,
      "is_superuser": false,
      "username": "dima",
      "first_name": "Dmitrij",
      "last_name": "Romashev",
      "email": "gdems@operamail.com",
      "is_staff": false,
      "is_active": true,
      "date_joined": "2021-02-03T22:52:41Z",
      "avatar": "",
      "age": null,
      "activation_key": null,
      "activation_key_expires": "2021-03-16T10:29:48.271Z",
      "groups": [],
      "user_permissions": []
    }
  },
  {
    "model": "authapp.user",
    "pk": 4,
    "fields": {
      "password": "pbkdf2_sha256$150000$TXkyssDwo55t$zbdcKcSOIgZPbM790XvB4RAx9RaUhDr7v8bMBl8/DTE=",
      "last_login": "2021-03-31T19:09:32.659Z",
      "is_superuser": false,
      "username": "Fomo_sapiens",
      "first_name": "\u0424\u043e\u043c\u0430",
      "last_name": "\u041d\u0435\u0432\u0435\u0440\u0443\u044e\u0449\u0438\u0439",
      "email": "fs@salem.org",
      "is_staff": false,
      "is_active": true,
      "date_joined": "2021-02-06T14:12:50.677Z",
      "avatar": "user_avatar/img101_T8HM53x.jpg",
      "age": null,
      "activation_key": null,
      "activation_key_expires": "2021-03-16T10:29:48.271Z",
      "groups": [],
      "user_permissions": []
    }
  },
  {
    "model": "authapp.user",
    "pk": 6,
    "fields": {
      "password": "pbkdf2_sha256$150000$rgIBtbTOyir5$KSkstKRF9SrbKIPorLu9y0bgNwX2wQZcCixWC/vt8Xo=",
      "last_login": "2021-03-26T13:18:08.300Z",
      "is_superuser": false,
      "username": "medved",
      "first_name": "\u0412\u0438\u043d\u043d\u0438",
      "last_name": "\u041f\u0443\u0445",
      "email": "postoronnim@vhod.net",
      "is_staff": false,
      "is_active": true,
      "date_joined": "2021-02-10T19:22:39.941Z",
      "avatar": "user_avatar/img099.jpg",
      "age": null,
      "activation_key": null,
      "activation_key_expires": "2021-03-16T10:29:48.271Z",
      "groups": [],
      "user_permissions": []
    }
  },
  {
    "model": "authapp.user",
    "pk": 8,
    "fields": {
      "password": "pbkdf2_sha256$150000$904gpPUrNwOW$f9+SFz6XqPFRj73+r0kEjx4nkATixLhJSmu0NFeVwhE=",
      "last_login": "2021-04-03T17:07:15.843Z",
      "is_superuser": false,
      "username": "Kozma",
      "first_name": "\u041a\u043e\u0437\u044c\u043c\u0430",
      "last_name": "\u041f\u0440\u0443\u0442\u043a\u043e\u0432",
      "email": "kozma.prutkov@rambler.ru",
      "is_staff": false,
      "is_active": true,
      "date_joined": "2021-02-13T17:04:24.973Z",
      "avatar": "user_avatar/DSC_0286red.JPG",
      "age": null,
      "activation_key": null,
      "activation_key_expires": "2021-03-16T10:29:48.271Z",
      "groups": [],
      "user_permissions": []
    }
  },
  {
    "model": "authapp.user",
    "pk": 9,
    "fields": {
      "password": "pbkdf2_sha256$150000$ZVdEkl9Auxdp$Ja/ng5aKvcD5Mu7kla9S42PaU/YdkY0XFwZ+Id5huK4=",
      "last_login": "2021-04-04T15:26:45.857Z",
      "is_superuser": false,
      "username": "\u041d\u0435\u0432\u0438\u043d\u043e\u0432\u043d\u0438\u043a",
      "first_name": "\u0420\u0430\u0444\u0438\u043a",
      "last_name": "\u041d\u0438\u044f\u0437\u043e\u0432",
      "email": "rafik@tnt.ru",
      "is_staff": false,
      "is_active": true,
      "date_joined": "2021-03-06T19:06:55.931Z",
      "avatar": "",
      "age": null,
      "activation_key": null,
      "activation_key_expires": "2021-03-16T10:29:48.271Z",
      "groups": [],
      "user_permissions": []
    }
  },
  {
    "model": "authapp.user",
    "pk": 23,
    "fields": {
      "password": "!aiMETdgLTXELR0FOvH0L6ljTJZeEiqUwcwuv2tco",
      "last_login": "2021-03-16T21:01:50.454Z",
      "is_superuser": false,
      "username": "romashev.dmitrij",
      "first_name": "\u0414\u043c\u0438\u0442\u0440\u0438\u0439",
      "last_name": "\u0420\u043e\u043c\u0430\u0448\u0435\u0432",
      "email": "",
      "is_staff": false,
      "is_active": true,
      "date_joined": "2021-03-16T20:40:38.950Z",
      "avatar": "",
      "age": 18,
      "activation_key": null,
      "activation_key_expires": "2021-03-18T20:40:10.307Z",
      "groups": [],
      "user_permissions": []
    }
  },
  {
    "model": "authapp.userprofile",
    "pk": 1,
    "fields": {
      "user": 1,
      "tagline": "",
      "aboutMe": "",
      "gender": ""
    }
  },
  {
    "model": "authapp.userprofile",
    "pk": 2,
    "fields": {
      "user": 2,
      "tagline": "",
      "aboutMe": "",
      "gender": ""
    }
  },
  {
    "model": "authapp.userprofile",
    "pk": 3,
    "fields": {
      "user": 4,
      "tagline": "",
      "aboutMe": "",
      "gender": ""
    }
  },
  {
    "model": "authapp.userprofile",
    "pk": 5,
    "fields": {
      "user": 6,
      "tagline": "",
      "aboutMe": "",
      "gender": ""
    }
  },
  {
    "model": "authapp.userprofile",
    "pk": 7,
    "fields": {
      "user": 8,
      "tagline": "",
      "aboutMe": "",
      "gender": ""
    }
  },
  {
    "model": "authapp.userprofile",
    "pk": 8,
    "fields": {
      "user": 9,
      "tagline": "",
      "aboutMe": "",
      "gender": ""
    }
  },
  {
    "model": "authapp.userprofile",
    "pk": 12,
    "fields": {
      "user": 23,
      "tagline": "",
      "aboutMe": "",
      "gender": ""
    }
  },
  {
    "model": "basket.basket",
    "pk": 13,
    "fields": {
      "user": 4,
      "product": 2,
      "quantity": 1,
      "created_timestamp": "2021-02-06T17:47:16.263Z"
    }
  },
  {
    "model": "basket.basket",
    "pk": 22,
    "fields": {
      "user": 1,
      "product": 4,
      "quantity": 1,
      "created_timestamp": "2021-03-30T19:22:33.634Z"
    }
  },
  {
    "model": "basket.basket",
    "pk": 23,
    "fields": {
      "user": 1,
      "product": 6,
      "quantity": 2,
      "created_timestamp": "2021-03-30T19:22:37.643Z"
    }
  },
  {
    "model": "basket.basket",
    "pk": 24,
    "fields": {
      "user": 1,
      "product": 2,
      "quantity": 3,
      "created_timestamp": "2021-03-30T19:22:51.605Z"
    }
  },
  {
    "model": "basket.basket",
    "pk": 29,
    "fields": {
      "user": 8,
      "product": 2,
      "quantity": 1,
      "created_timestamp": "2021-04-04T11:32:21.976Z"
    }
  },
  {
    "model": "social_django.usersocialauth",
    "pk": 1,
    "fields": {
      "user": 23,
      "provider": "vk-oauth2",
      "uid": "22945568",
      "extra_data": "{\"auth_time\": 1615928510, \"id\": 22945568, \"expires\": 86400, \"access_token\": \"3b62a12f71a598f47eb37c016b0bb614e4f45b28d0c921d9b077ac3442af7dda599e753de8f61e0b344d1\", \"token_type\": null}",
      "created": "2021-03-16T20:40:38.962Z",
      "modified": "2021-03-16T21:01:50.422Z"
    }
  },
  {
    "model": "ordersapp.order",
    "pk": 1,
    "fields": {
      "user": 9,
      "created": "2021-03-26T11:21:53.040Z",
      "updated": "2021-03-31T19:40:35.798Z",
      "status": "STP",
      "is_active": true
    }
  },
  {
    "model": "ordersapp.order",
    "pk": 2,
    "fields": {
      "user": 1,
      "created": "2021-03-30T19:18:08.280Z",
      "updated": "2021-03-30T19:18:08.553Z",
      "status": "FM",
      "is_active": true
    }
  },
  {
    "model": "ordersapp.order",
    "pk": 3,
    "fields": {
      "user": 8,
      "created": "2021-04-03T17:13:52.414Z",
      "updated": "2021-04-03T17:36:43.893Z",
      "status": "FM",
      "is_active": false
    }
  },
  {
    "model": "ordersapp.order",
    "pk": 4,
    "fields": {
      "user": 8,
      "created": "2021-04-03T17:37:36.214Z",
      "updated": "2021-04-03T17:37:36.613Z",
      "status": "FM",
      "is_active": true
    }
  },
  {
    "model": "ordersapp.order",
    "pk": 5,
    "fields": {
      "user": 9,
      "created": "2021-04-04T16:59:40.344Z",
      "updated": "2021-04-08T19:33:48.732Z",
      "status": "FM",
      "is_active": false
    }
  },
  {
    "model": "ordersapp.order",
    "pk": 6,
    "fields": {
      "user": 9,
      "created": "2021-04-08T19:34:52.778Z",
      "updated": "2021-04-08T19:34:53.118Z",
      "status": "FM",
      "is_active": false
    }
  },
  {
    "model": "ordersapp.orderitem",
    "pk": 1,
    "fields": {
      "order": 1,
      "product": 6,
      "quantity": 1
    }
  },
  {
    "model": "ordersapp.orderitem",
    "pk": 2,
    "fields": {
      "order": 1,
      "product": 2,
      "quantity": 1
    }
  },
  {
    "model": "ordersapp.orderitem",
    "pk": 3,
    "fields": {
      "order": 2,
      "product": 1,
      "quantity": 1
    }
  },
  {
    "model": "ordersapp.orderitem",
    "pk": 4,
    "fields": {
      "order": 2,
      "product": 3,
      "quantity": 1
    }
  },
  {
    "model": "ordersapp.orderitem",
    "pk": 5,
    "fields": {
      "order": 2,
      "product": 5,
      "quantity": 2
    }
  },
  {
    "model": "ordersapp.orderitem",
    "pk": 6,
    "fields": {
      "order": 2,
      "product": 2,
      "quantity": 2
    }
  },
  {
    "model": "ordersapp.orderitem",
    "pk": 7,
    "fields": {
      "order": 3,
      "product": 6,
      "quantity": 1
    }
  },
  {
    "model": "ordersapp.orderitem",
    "pk": 8,
    "fields": {
      "order": 3,
      "product": 3,
      "quantity": 2
    }
  },
  {
    "model": "ordersapp.orderitem",
    "pk": 9,
    "fields": {
      "order": 4,
      "product": 5,
      "quantity": 1
    }
  },
  {
    "model": "ordersapp.orderitem",
    "pk": 10,
    "fields": {
      "order": 4,
      "product": 1,
      "quantity": 4
    }
  },
  {
    "model": "ordersapp.orderitem",
    "pk": 11,
    "fields": {
      "order": 5,
      "product": 5,
      "quantity": 4
    }
  },
  {
    "model": "ordersapp.orderitem",
    "pk": 12,
    "fields": {
      "order": 5,
      "product": 6,
      "quantity": 1
    }
  },
  {
    "model": "admin.logentry",
    "pk": 1,
    "fields": {
      "action_time": "2021-02-02T19:06:21.674Z",
      "user": 1,
      "content_type": 6,
      "object_id": "1",
      "object_repr": "\u041d\u043e\u0432\u0438\u043d\u043a\u0438",
      "action_flag": 1,
      "change_message": "[{\"added\": {}}]"
    }
  },
  {
    "model": "admin.logentry",
    "pk": 2,
    "fields": {
      "action_time": "2021-02-02T19:06:33.780Z",
      "user": 1,
      "content_type": 6,
      "object_id": "2",
      "object_repr": "\u041e\u0434\u0435\u0436\u0434\u0430",
      "action_flag": 1,
      "change_message": "[{\"added\": {}}]"
    }
  },
  {
    "model": "admin.logentry",
    "pk": 3,
    "fields": {
      "action_time": "2021-02-02T19:06:40.066Z",
      "user": 1,
      "content_type": 6,
      "object_id": "3",
      "object_repr": "\u041e\u0431\u0443\u0432\u044c",
      "action_flag": 1,
      "change_message": "[{\"added\": {}}]"
    }
  },
  {
    "model": "admin.logentry",
    "pk": 4,
    "fields": {
      "action_time": "2021-02-02T19:06:46.831Z",
      "user": 1,
      "content_type": 6,
      "object_id": "4",
      "object_repr": "\u0410\u043a\u0441\u0435\u0441\u0441\u0443\u0430\u0440\u044b",
      "action_flag": 1,
      "change_message": "[{\"added\": {}}]"
    }
  },
  {
    "model": "admin.logentry",
    "pk": 5,
    "fields": {
      "action_time": "2021-02-02T19:06:54.078Z",
      "user": 1,
      "content_type": 6,
      "object_id": "5",
      "object_repr": "\u041f\u043e\u0434\u0430\u0440\u043a\u0438",
      "action_flag": 1,
      "change_message": "[{\"added\": {}}]"
    }
  },
  {
    "model": "admin.logentry",
    "pk": 6,
    "fields": {
      "action_time": "2021-02-02T19:09:50.464Z",
      "user": 1,
      "content_type": 7,
      "object_id": "1",
      "object_repr": "\u0425\u0443\u0434\u0438 \u0447\u0435\u0440\u043d\u043e\u0433\u043e \u0446\u0432\u0435\u0442\u0430 \u0441 \u043c\u043e\u043d\u043e\u0433\u0440\u0430\u043c\u043c\u0430\u043c\u0438 adidas Originals | \u041d\u043e\u0432\u0438\u043d\u043a\u0438",
      "action_flag": 1,
      "change_message": "[{\"added\": {}}]"
    }
  },
  {
    "model": "admin.logentry",
    "pk": 7,
    "fields": {
      "action_time": "2021-02-02T19:11:18.230Z",
      "user": 1,
      "content_type": 7,
      "object_id": "2",
      "object_repr": "\u0421\u0438\u043d\u044f\u044f \u043a\u0443\u0440\u0442\u043a\u0430 The North Face | \u041e\u0434\u0435\u0436\u0434\u0430",
      "action_flag": 1,
      "change_message": "[{\"added\": {}}]"
    }
  },
  {
    "model": "admin.logentry",
    "pk": 8,
    "fields": {
      "action_time": "2021-02-02T19:12:18.894Z",
      "user": 1,
      "content_type": 7,
      "object_id": "3",
      "object_repr": "\u041a\u043e\u0440\u0438\u0447\u043d\u0435\u0432\u044b\u0439 \u0441\u043f\u043e\u0440\u0442\u0438\u0432\u043d\u044b\u0439 oversized-\u0442\u043e\u043f ASOS DESIGN | \u041e\u0434\u0435\u0436\u0434\u0430",
      "action_flag": 1,
      "change_message": "[{\"added\": {}}]"
    }
  },
  {
    "model": "admin.logentry",
    "pk": 9,
    "fields": {
      "action_time": "2021-02-02T19:13:14.756Z",
      "user": 1,
      "content_type": 7,
      "object_id": "4",
      "object_repr": "\u0427\u0435\u0440\u043d\u044b\u0439 \u0440\u044e\u043a\u0437\u0430\u043a Nike Heritage | \u0410\u043a\u0441\u0435\u0441\u0441\u0443\u0430\u0440\u044b",
      "action_flag": 1,
      "change_message": "[{\"added\": {}}]"
    }
  },
  {
    "model": "admin.logentry",
    "pk": 10,
    "fields": {
      "action_time": "2021-02-02T19:14:13.239Z",
      "user": 1,
      "content_type": 7,
      "object_id": "5",
      "object_repr": "\u0427\u0435\u0440\u043d\u044b\u0435 \u0442\u0443\u0444\u043b\u0438 \u043d\u0430 \u043f\u043b\u0430\u0442\u0444\u043e\u0440\u043c\u0435 \u0441 3 \u043f\u0430\u0440\u0430\u043c\u0438 \u043b\u044e\u0432\u0435\u0440\u0441\u043e\u0432 Dr Martens 1461 Bex | \u041e\u0431\u0443\u0432\u044c",
      "action_flag": 1,
      "change_message": "[{\"added\": {}}]"
    }
  },
  {
    "model": "admin.logentry",
    "pk": 11,
    "fields": {
      "action_time": "2021-02-02T19:15:33.633Z",
      "user": 1,
      "content_type": 7,
      "object_id": "6",
      "object_repr": "\u0422\u0435\u043c\u043d\u043e-\u0441\u0438\u043d\u0438\u0435 \u0448\u0438\u0440\u043e\u043a\u0438\u0435 \u0441\u0442\u0440\u043e\u0433\u0438\u0435 \u0431\u0440\u044e\u043a\u0438 ASOS DESIGN | \u041e\u0434\u0435\u0436\u0434\u0430",
      "action_flag": 1,
      "change_message": "[{\"added\": {}}]"
    }
  },
  {
    "model": "admin.logentry",
    "pk": 12,
    "fields": {
      "action_time": "2021-02-03T22:54:14.332Z",
      "user": 1,
      "content_type": 8,
      "object_id": "2",
      "object_repr": "dima",
      "action_flag": 1,
      "change_message": "[{\"added\": {}}]"
    }
  },
  {
    "model": "admin.logentry",
    "pk": 13,
    "fields": {
      "action_time": "2021-03-14T11:13:40.907Z",
      "user": 1,
      "content_type": 8,
      "object_id": "10",
      "object_repr": "\u0425\u0440\u0438\u043f\u043b\u044b\u0439",
      "action_flag": 3,
      "change_message": ""
    }
  },
  {
    "model": "admin.logentry",
    "pk": 14,
    "fields": {
      "action_time": "2021-03-14T11:18:37.007Z",
      "user": 1,
      "content_type": 8,
      "object_id": "11",
      "object_repr": "\u0425\u0440\u0438\u043f\u043b\u044b\u0439",
      "action_flag": 3,
      "change_message": ""
    }
  },
  {
    "model": "admin.logentry",
    "pk": 15,
    "fields": {
      "action_time": "2021-03-14T11:23:16.150Z",
      "user": 1,
      "content_type": 8,
      "object_id": "12",
      "object_repr": "\u0425\u0440\u0438\u043f\u043b\u044b\u0439",
      "action_flag": 3,
      "change_message": ""
    }
  },
  {
    "model": "admin.logentry",
    "pk": 16,
    "fields": {
      "action_time": "2021-03-14T13:05:11.093Z",
      "user": 1,
      "content_type": 8,
      "object_id": "15",
      "object_repr": "anton2",
      "action_flag": 3,
      "change_message": ""
    }
  },
  {
    "model": "admin.logentry",
    "pk": 17,
    "fields": {
      "action_time": "2021-03-14T13:05:11.106Z",
      "user": 1,
      "content_type": 8,
      "object_id": "14",
      "object_repr": "anton1",
      "action_flag": 3,
      "change_message": ""
    }
  },
  {
    "model": "admin.logentry",
    "pk": 18,
    "fields": {
      "action_time": "2021-03-14T13:05:11.112Z",
      "user": 1,
      "content_type": 8,
      "object_id": "13",
      "object_repr": "anton",
      "action_flag": 3,
      "change_message": ""
    }
  },
  {
    "model": "admin.logentry",
    "pk": 19,
    "fields": {
      "action_time": "2021-03-14T14:00:22.480Z",
      "user": 1,
      "content_type": 8,
      "object_id": "19",
      "object_repr": "anton2",
      "action_flag": 3,
      "change_message": ""
    }
  },
  {
    "model": "admin.logentry",
    "pk": 20,
    "fields": {
      "action_time": "2021-03-14T14:00:22.495Z",
      "user": 1,
      "content_type": 8,
      "object_id": "18",
      "object_repr": "anton1",
      "action_flag": 3,
      "change_message": ""
    }
  },
  {
    "model": "admin.logentry",
    "pk": 21,
    "fields": {
      "action_time": "2021-03-14T14:00:22.502Z",
      "user": 1,
      "content_type": 8,
      "object_id": "17",
      "object_repr": "anton",
      "action_flag": 3,
      "change_message": ""
    }
  },
  {
    "model": "admin.logentry",
    "pk": 22,
    "fields": {
      "action_time": "2021-03-14T14:00:22.508Z",
      "user": 1,
      "content_type": 8,
      "object_id": "16",
      "object_repr": "q",
      "action_flag": 3,
      "change_message": ""
    }
  },
  {
    "model": "admin.logentry",
    "pk": 23,
    "fields": {
      "action_time": "2021-03-17T19:48:17.618Z",
      "user": 1,
      "content_type": 7,
      "object_id": "3",
      "object_repr": "\u041a\u043e\u0440\u0438\u0447\u043d\u0435\u0432\u044b\u0439 \u0441\u043f\u043e\u0440\u0442\u0438\u0432\u043d\u044b\u0439 oversized-\u0442\u043e\u043f ASOS DESIGN | \u041e\u0434\u0435\u0436\u0434\u0430",
      "action_flag": 2,
      "change_message": "[{\"changed\": {\"fields\": [\"short_description\"]}}]"
    }
  },
  {
    "model": "admin.logentry",
    "pk": 24,
    "fields": {
      "action_time": "2021-03-26T13:15:26.438Z",
      "user": 1,
      "content_type": 8,
      "object_id": "22",
      "object_repr": "anton3",
      "action_flag": 3,
      "change_message": ""
    }
  },
  {
    "model": "admin.logentry",
    "pk": 25,
    "fields": {
      "action_time": "2021-03-26T13:15:26.450Z",
      "user": 1,
      "content_type": 8,
      "object_id": "21",
      "object_repr": "anton1",
      "action_flag": 3,
      "change_message": ""
    }
  },
  {
    "model": "admin.logentry",
    "pk": 26,
    "fields": {
      "action_time": "2021-03-26T13:15:26.455Z",
      "user": 1,
      "content_type": 8,
      "object_id": "20",
      "object_repr": "anton",
      "action_flag": 3,
      "change_message": ""
    }
  },
  {
    "model": "admin.logentry",
    "pk": 27,
    "fields": {
      "action_time": "2021-03-26T13:15:26.465Z",
      "user": 1,
      "content_type": 8,
      "object_id": "7",
      "object_repr": "firstPiotr",
      "action_flag": 3,
      "change_message": ""
    }
  },
  {
    "model": "admin.logentry",
    "pk": 28,
    "fields": {
      "action_time": "2021-03-26T13:15:26.470Z",
      "user": 1,
      "content_type": 8,
      "object_id": "5",
      "object_repr": "\u0421\u0443\u043b\u0435\u0439\u043c\u0430\u043d",
      "action_flag": 3,
      "change_message": ""
    }
  },
  {
    "model": "admin.logentry",
    "pk": 29,
    "fields": {
      "action_time": "2021-03-27T17:09:33.345Z",
      "user": 1,
      "content_type": 7,
      "object_id": "6",
      "object_repr": "\u0422\u0435\u043c\u043d\u043e-\u0441\u0438\u043d\u0438\u0435 \u0448\u0438\u0440\u043e\u043a\u0438\u0435 \u0441\u0442\u0440\u043e\u0433\u0438\u0435 \u0431\u0440\u044e\u043a\u0438 ASOS DESIGN | \u041e\u0434\u0435\u0436\u0434\u0430",
      "action_flag": 2,
      "change_message": "[{\"changed\": {\"fields\": [\"image\"]}}]"
    }
  },
  {
    "model": "admin.logentry",
    "pk": 30,
    "fields": {
      "action_time": "2021-03-27T17:23:53.930Z",
      "user": 1,
      "content_type": 7,
      "object_id": "7",
      "object_repr": "new xpen' | \u041d\u043e\u0432\u0438\u043d\u043a\u0438",
      "action_flag": 1,
      "change_message": "[{\"added\": {}}]"
    }
  },
  {
    "model": "admin.logentry",
    "pk": 31,
    "fields": {
      "action_time": "2021-03-27T17:42:10.627Z",
      "user": 1,
      "content_type": 7,
      "object_id": "7",
      "object_repr": "new xpen' | \u041d\u043e\u0432\u0438\u043d\u043a\u0438",
      "action_flag": 3,
      "change_message": ""
    }
  },
  {
    "model": "admin.logentry",
    "pk": 32,
    "fields": {
      "action_time": "2021-03-27T17:45:13.693Z",
      "user": 1,
      "content_type": 7,
      "object_id": "5",
      "object_repr": "\u0427\u0435\u0440\u043d\u044b\u0435 \u0442\u0443\u0444\u043b\u0438 \u043d\u0430 \u043f\u043b\u0430\u0442\u0444\u043e\u0440\u043c\u0435 \u0441 3 \u043f\u0430\u0440\u0430\u043c\u0438 \u043b\u044e\u0432\u0435\u0440\u0441\u043e\u0432 Dr Martens 1461 Bex | \u041e\u0431\u0443\u0432\u044c",
      "action_flag": 2,
      "change_message": "[{\"changed\": {\"fields\": [\"image\"]}}]"
    }
  },
  {
    "model": "admin.logentry",
    "pk": 33,
    "fields": {
      "action_time": "2021-03-27T17:45:34.289Z",
      "user": 1,
      "content_type": 7,
      "object_id": "4",
      "object_repr": "\u0427\u0435\u0440\u043d\u044b\u0439 \u0440\u044e\u043a\u0437\u0430\u043a Nike Heritage | \u0410\u043a\u0441\u0435\u0441\u0441\u0443\u0430\u0440\u044b",
      "action_flag": 2,
      "change_message": "[{\"changed\": {\"fields\": [\"image\"]}}]"
    }
  },
  {
    "model": "admin.logentry",
    "pk": 34,
    "fields": {
      "action_time": "2021-03-27T17:45:52.053Z",
      "user": 1,
      "content_type": 7,
      "object_id": "3",
      "object_repr": "\u041a\u043e\u0440\u0438\u0447\u043d\u0435\u0432\u044b\u0439 \u0441\u043f\u043e\u0440\u0442\u0438\u0432\u043d\u044b\u0439 oversized-\u0442\u043e\u043f ASOS DESIGN | \u041e\u0434\u0435\u0436\u0434\u0430",
      "action_flag": 2,
      "change_message": "[{\"changed\": {\"fields\": [\"image\"]}}]"
    }
  },
  {
    "model": "admin.logentry",
    "pk": 35,
    "fields": {
      "action_time": "2021-03-27T17:46:09.138Z",
      "user": 1,
      "content_type": 7,
      "object_id": "2",
      "object_repr": "\u0421\u0438\u043d\u044f\u044f \u043a\u0443\u0440\u0442\u043a\u0430 The North Face | \u041e\u0434\u0435\u0436\u0434\u0430",
      "action_flag": 2,
      "change_message": "[{\"changed\": {\"fields\": [\"image\"]}}]"
    }
  },
  {
    "model": "admin.logentry",
    "pk": 36,
    "fields": {
      "action_time": "2021-03-27T17:46:24.647Z",
      "user": 1,
      "content_type": 7,
      "object_id": "1",
      "object_repr": "\u0425\u0443\u0434\u0438 \u0447\u0435\u0440\u043d\u043e\u0433\u043e \u0446\u0432\u0435\u0442\u0430 \u0441 \u043c\u043e\u043d\u043e\u0433\u0440\u0430\u043c\u043c\u0430\u043c\u0438 adidas Originals | \u041d\u043e\u0432\u0438\u043d\u043a\u0438",
      "action_flag": 2,
      "change_message": "[{\"changed\": {\"fields\": [\"image\"]}}]"
    }
  }
]